,LR_filename,LR_filepath,LR_dimensions,HR_filename,HR_filepath,HR_dimensions,downsample_method
0,train_0790.png,./DIV2K/DIV2K_train_LR/train_0790.png,1020x678,0790.png,./DIV2K/DIV2K_train_HR/0790.png,2040x1356,NEAREST
2,train_0609.png,./DIV2K/DIV2K_train_LR/train_0609.png,1020x678,0609.png,./DIV2K/DIV2K_train_HR/0609.png,2040x1356,NEAREST
5,train_0395.png,./DIV2K/DIV2K_train_LR/train_0395.png,1020x678,0395.png,./DIV2K/DIV2K_train_HR/0395.png,2040x1356,NEAREST
6,train_0274.png,./DIV2K/DIV2K_train_LR/train_0274.png,1020x678,0274.png,./DIV2K/DIV2K_train_HR/0274.png,2040x1356,NEAREST
8,train_0525.png,./DIV2K/DIV2K_train_LR/train_0525.png,1020x678,0525.png,./DIV2K/DIV2K_train_HR/0525.png,2040x1356,NEAREST
10,train_0294.png,./DIV2K/DIV2K_train_LR/train_0294.png,1020x678,0294.png,./DIV2K/DIV2K_train_HR/0294.png,2040x1356,NEAREST
11,train_0226.png,./DIV2K/DIV2K_train_LR/train_0226.png,1020x678,0226.png,./DIV2K/DIV2K_train_HR/0226.png,2040x1356,NEAREST
12,train_0178.png,./DIV2K/DIV2K_train_LR/train_0178.png,1020x678,0178.png,./DIV2K/DIV2K_train_HR/0178.png,2040x1356,NEAREST
15,train_0253.png,./DIV2K/DIV2K_train_LR/train_0253.png,1020x678,0253.png,./DIV2K/DIV2K_train_HR/0253.png,2040x1356,NEAREST
16,train_0318.png,./DIV2K/DIV2K_train_LR/train_0318.png,1020x678,0318.png,./DIV2K/DIV2K_train_HR/0318.png,2040x1356,NEAREST
17,train_0454.png,./DIV2K/DIV2K_train_LR/train_0454.png,1020x678,0454.png,./DIV2K/DIV2K_train_HR/0454.png,2040x1356,NEAREST
18,train_0652.png,./DIV2K/DIV2K_train_LR/train_0652.png,1020x678,0652.png,./DIV2K/DIV2K_train_HR/0652.png,2040x1356,NEAREST
21,train_0368.png,./DIV2K/DIV2K_train_LR/train_0368.png,1020x678,0368.png,./DIV2K/DIV2K_train_HR/0368.png,2040x1356,NEAREST
23,train_0775.png,./DIV2K/DIV2K_train_LR/train_0775.png,1020x678,0775.png,./DIV2K/DIV2K_train_HR/0775.png,2040x1356,NEAREST
24,train_0323.png,./DIV2K/DIV2K_train_LR/train_0323.png,1020x678,0323.png,./DIV2K/DIV2K_train_HR/0323.png,2040x1356,NEAREST
28,train_0746.png,./DIV2K/DIV2K_train_LR/train_0746.png,1020x678,0746.png,./DIV2K/DIV2K_train_HR/0746.png,2040x1356,NEAREST
29,train_0571.png,./DIV2K/DIV2K_train_LR/train_0571.png,1020x678,0571.png,./DIV2K/DIV2K_train_HR/0571.png,2040x1356,NEAREST
31,train_0510.png,./DIV2K/DIV2K_train_LR/train_0510.png,1020x678,0510.png,./DIV2K/DIV2K_train_HR/0510.png,2040x1356,NEAREST
33,train_0520.png,./DIV2K/DIV2K_train_LR/train_0520.png,1020x678,0520.png,./DIV2K/DIV2K_train_HR/0520.png,2040x1356,NEAREST
34,train_0709.png,./DIV2K/DIV2K_train_LR/train_0709.png,1020x678,0709.png,./DIV2K/DIV2K_train_HR/0709.png,2040x1356,NEAREST
35,train_0424.png,./DIV2K/DIV2K_train_LR/train_0424.png,1020x678,0424.png,./DIV2K/DIV2K_train_HR/0424.png,2040x1356,NEAREST
36,train_0751.png,./DIV2K/DIV2K_train_LR/train_0751.png,1020x678,0751.png,./DIV2K/DIV2K_train_HR/0751.png,2040x1356,NEAREST
38,train_0117.png,./DIV2K/DIV2K_train_LR/train_0117.png,1020x678,0117.png,./DIV2K/DIV2K_train_HR/0117.png,2040x1356,NEAREST
40,train_0576.png,./DIV2K/DIV2K_train_LR/train_0576.png,1020x678,0576.png,./DIV2K/DIV2K_train_HR/0576.png,2040x1356,NEAREST
41,train_0468.png,./DIV2K/DIV2K_train_LR/train_0468.png,1020x678,0468.png,./DIV2K/DIV2K_train_HR/0468.png,2040x1356,NEAREST
43,train_0658.png,./DIV2K/DIV2K_train_LR/train_0658.png,1020x678,0658.png,./DIV2K/DIV2K_train_HR/0658.png,2040x1356,NEAREST
44,train_0645.png,./DIV2K/DIV2K_train_LR/train_0645.png,1020x678,0645.png,./DIV2K/DIV2K_train_HR/0645.png,2040x1356,NEAREST
45,train_0159.png,./DIV2K/DIV2K_train_LR/train_0159.png,1020x678,0159.png,./DIV2K/DIV2K_train_HR/0159.png,2040x1356,NEAREST
46,train_0260.png,./DIV2K/DIV2K_train_LR/train_0260.png,1020x678,0260.png,./DIV2K/DIV2K_train_HR/0260.png,2040x1356,NEAREST
47,train_0283.png,./DIV2K/DIV2K_train_LR/train_0283.png,1020x678,0283.png,./DIV2K/DIV2K_train_HR/0283.png,2040x1356,NEAREST
50,train_0553.png,./DIV2K/DIV2K_train_LR/train_0553.png,1020x678,0553.png,./DIV2K/DIV2K_train_HR/0553.png,2040x1356,NEAREST
51,train_0504.png,./DIV2K/DIV2K_train_LR/train_0504.png,1020x678,0504.png,./DIV2K/DIV2K_train_HR/0504.png,2040x1356,NEAREST
55,train_0144.png,./DIV2K/DIV2K_train_LR/train_0144.png,1020x678,0144.png,./DIV2K/DIV2K_train_HR/0144.png,2040x1356,NEAREST
56,train_0425.png,./DIV2K/DIV2K_train_LR/train_0425.png,1020x678,0425.png,./DIV2K/DIV2K_train_HR/0425.png,2040x1356,NEAREST
57,train_0604.png,./DIV2K/DIV2K_train_LR/train_0604.png,1020x678,0604.png,./DIV2K/DIV2K_train_HR/0604.png,2040x1356,NEAREST
59,train_0485.png,./DIV2K/DIV2K_train_LR/train_0485.png,1020x678,0485.png,./DIV2K/DIV2K_train_HR/0485.png,2040x1356,NEAREST
60,train_0287.png,./DIV2K/DIV2K_train_LR/train_0287.png,1020x678,0287.png,./DIV2K/DIV2K_train_HR/0287.png,2040x1356,NEAREST
61,train_0573.png,./DIV2K/DIV2K_train_LR/train_0573.png,1020x678,0573.png,./DIV2K/DIV2K_train_HR/0573.png,2040x1356,NEAREST
63,train_0130.png,./DIV2K/DIV2K_train_LR/train_0130.png,1020x678,0130.png,./DIV2K/DIV2K_train_HR/0130.png,2040x1356,NEAREST
65,train_0107.png,./DIV2K/DIV2K_train_LR/train_0107.png,1020x678,0107.png,./DIV2K/DIV2K_train_HR/0107.png,2040x1356,NEAREST
66,train_0567.png,./DIV2K/DIV2K_train_LR/train_0567.png,1020x678,0567.png,./DIV2K/DIV2K_train_HR/0567.png,2040x1356,NEAREST
67,train_0444.png,./DIV2K/DIV2K_train_LR/train_0444.png,1020x678,0444.png,./DIV2K/DIV2K_train_HR/0444.png,2040x1356,NEAREST
69,train_0308.png,./DIV2K/DIV2K_train_LR/train_0308.png,1020x678,0308.png,./DIV2K/DIV2K_train_HR/0308.png,2040x1356,NEAREST
71,train_0351.png,./DIV2K/DIV2K_train_LR/train_0351.png,1020x678,0351.png,./DIV2K/DIV2K_train_HR/0351.png,2040x1356,NEAREST
72,train_0184.png,./DIV2K/DIV2K_train_LR/train_0184.png,1020x678,0184.png,./DIV2K/DIV2K_train_HR/0184.png,2040x1356,NEAREST
73,train_0477.png,./DIV2K/DIV2K_train_LR/train_0477.png,1020x678,0477.png,./DIV2K/DIV2K_train_HR/0477.png,2040x1356,NEAREST
74,train_0023.png,./DIV2K/DIV2K_train_LR/train_0023.png,1020x678,0023.png,./DIV2K/DIV2K_train_HR/0023.png,2040x1356,NEAREST
75,train_0250.png,./DIV2K/DIV2K_train_LR/train_0250.png,1020x678,0250.png,./DIV2K/DIV2K_train_HR/0250.png,2040x1356,NEAREST
83,train_0562.png,./DIV2K/DIV2K_train_LR/train_0562.png,1020x678,0562.png,./DIV2K/DIV2K_train_HR/0562.png,2040x1356,NEAREST
84,train_0247.png,./DIV2K/DIV2K_train_LR/train_0247.png,1020x678,0247.png,./DIV2K/DIV2K_train_HR/0247.png,2040x1356,NEAREST
85,train_0138.png,./DIV2K/DIV2K_train_LR/train_0138.png,1020x678,0138.png,./DIV2K/DIV2K_train_HR/0138.png,2040x1356,NEAREST
86,train_0249.png,./DIV2K/DIV2K_train_LR/train_0249.png,1020x678,0249.png,./DIV2K/DIV2K_train_HR/0249.png,2040x1356,NEAREST
88,train_0109.png,./DIV2K/DIV2K_train_LR/train_0109.png,1020x678,0109.png,./DIV2K/DIV2K_train_HR/0109.png,2040x1356,NEAREST
89,train_0689.png,./DIV2K/DIV2K_train_LR/train_0689.png,1020x678,0689.png,./DIV2K/DIV2K_train_HR/0689.png,2040x1356,NEAREST
90,train_0479.png,./DIV2K/DIV2K_train_LR/train_0479.png,1020x678,0479.png,./DIV2K/DIV2K_train_HR/0479.png,2040x1356,NEAREST
95,train_0501.png,./DIV2K/DIV2K_train_LR/train_0501.png,1020x678,0501.png,./DIV2K/DIV2K_train_HR/0501.png,2040x1356,NEAREST
96,train_0428.png,./DIV2K/DIV2K_train_LR/train_0428.png,1020x678,0428.png,./DIV2K/DIV2K_train_HR/0428.png,2040x1356,NEAREST
99,train_0462.png,./DIV2K/DIV2K_train_LR/train_0462.png,1020x678,0462.png,./DIV2K/DIV2K_train_HR/0462.png,2040x1356,NEAREST
103,train_0642.png,./DIV2K/DIV2K_train_LR/train_0642.png,1020x678,0642.png,./DIV2K/DIV2K_train_HR/0642.png,2040x1356,NEAREST
109,train_0791.png,./DIV2K/DIV2K_train_LR/train_0791.png,1020x678,0791.png,./DIV2K/DIV2K_train_HR/0791.png,2040x1356,NEAREST
111,train_0471.png,./DIV2K/DIV2K_train_LR/train_0471.png,1020x678,0471.png,./DIV2K/DIV2K_train_HR/0471.png,2040x1356,NEAREST
112,train_0265.png,./DIV2K/DIV2K_train_LR/train_0265.png,1020x678,0265.png,./DIV2K/DIV2K_train_HR/0265.png,2040x1356,NEAREST
116,train_0048.png,./DIV2K/DIV2K_train_LR/train_0048.png,1020x678,0048.png,./DIV2K/DIV2K_train_HR/0048.png,2040x1356,NEAREST
118,train_0640.png,./DIV2K/DIV2K_train_LR/train_0640.png,1020x678,0640.png,./DIV2K/DIV2K_train_HR/0640.png,2040x1356,NEAREST
119,train_0154.png,./DIV2K/DIV2K_train_LR/train_0154.png,1020x678,0154.png,./DIV2K/DIV2K_train_HR/0154.png,2040x1356,NEAREST
120,train_0717.png,./DIV2K/DIV2K_train_LR/train_0717.png,1020x678,0717.png,./DIV2K/DIV2K_train_HR/0717.png,2040x1356,NEAREST
121,train_0202.png,./DIV2K/DIV2K_train_LR/train_0202.png,1020x678,0202.png,./DIV2K/DIV2K_train_HR/0202.png,2040x1356,NEAREST
122,train_0778.png,./DIV2K/DIV2K_train_LR/train_0778.png,1020x678,0778.png,./DIV2K/DIV2K_train_HR/0778.png,2040x1356,NEAREST
123,train_0570.png,./DIV2K/DIV2K_train_LR/train_0570.png,1020x678,0570.png,./DIV2K/DIV2K_train_HR/0570.png,2040x1356,NEAREST
124,train_0507.png,./DIV2K/DIV2K_train_LR/train_0507.png,1020x678,0507.png,./DIV2K/DIV2K_train_HR/0507.png,2040x1356,NEAREST
126,train_0376.png,./DIV2K/DIV2K_train_LR/train_0376.png,1020x678,0376.png,./DIV2K/DIV2K_train_HR/0376.png,2040x1356,NEAREST
130,train_0548.png,./DIV2K/DIV2K_train_LR/train_0548.png,1020x678,0548.png,./DIV2K/DIV2K_train_HR/0548.png,2040x1356,NEAREST
131,train_0011.png,./DIV2K/DIV2K_train_LR/train_0011.png,1020x678,0011.png,./DIV2K/DIV2K_train_HR/0011.png,2040x1356,NEAREST
132,train_0563.png,./DIV2K/DIV2K_train_LR/train_0563.png,1020x678,0563.png,./DIV2K/DIV2K_train_HR/0563.png,2040x1356,NEAREST
133,train_0290.png,./DIV2K/DIV2K_train_LR/train_0290.png,1020x678,0290.png,./DIV2K/DIV2K_train_HR/0290.png,2040x1356,NEAREST
136,train_0723.png,./DIV2K/DIV2K_train_LR/train_0723.png,1020x678,0723.png,./DIV2K/DIV2K_train_HR/0723.png,2040x1356,LANCZOS
138,train_0780.png,./DIV2K/DIV2K_train_LR/train_0780.png,1020x678,0780.png,./DIV2K/DIV2K_train_HR/0780.png,2040x1356,LANCZOS
142,train_0442.png,./DIV2K/DIV2K_train_LR/train_0442.png,1020x678,0442.png,./DIV2K/DIV2K_train_HR/0442.png,2040x1356,LANCZOS
145,train_0779.png,./DIV2K/DIV2K_train_LR/train_0779.png,1020x678,0779.png,./DIV2K/DIV2K_train_HR/0779.png,2040x1356,LANCZOS
146,train_0251.png,./DIV2K/DIV2K_train_LR/train_0251.png,1020x678,0251.png,./DIV2K/DIV2K_train_HR/0251.png,2040x1356,LANCZOS
148,train_0267.png,./DIV2K/DIV2K_train_LR/train_0267.png,1020x678,0267.png,./DIV2K/DIV2K_train_HR/0267.png,2040x1356,LANCZOS
151,train_0041.png,./DIV2K/DIV2K_train_LR/train_0041.png,1020x678,0041.png,./DIV2K/DIV2K_train_HR/0041.png,2040x1356,LANCZOS
152,train_0686.png,./DIV2K/DIV2K_train_LR/train_0686.png,1020x678,0686.png,./DIV2K/DIV2K_train_HR/0686.png,2040x1356,LANCZOS
154,train_0303.png,./DIV2K/DIV2K_train_LR/train_0303.png,1020x678,0303.png,./DIV2K/DIV2K_train_HR/0303.png,2040x1356,LANCZOS
158,train_0540.png,./DIV2K/DIV2K_train_LR/train_0540.png,1020x678,0540.png,./DIV2K/DIV2K_train_HR/0540.png,2040x1356,LANCZOS
159,train_0544.png,./DIV2K/DIV2K_train_LR/train_0544.png,1020x678,0544.png,./DIV2K/DIV2K_train_HR/0544.png,2040x1356,LANCZOS
161,train_0730.png,./DIV2K/DIV2K_train_LR/train_0730.png,1020x678,0730.png,./DIV2K/DIV2K_train_HR/0730.png,2040x1356,LANCZOS
162,train_0196.png,./DIV2K/DIV2K_train_LR/train_0196.png,1020x678,0196.png,./DIV2K/DIV2K_train_HR/0196.png,2040x1356,LANCZOS
166,train_0582.png,./DIV2K/DIV2K_train_LR/train_0582.png,1020x678,0582.png,./DIV2K/DIV2K_train_HR/0582.png,2040x1356,LANCZOS
168,train_0268.png,./DIV2K/DIV2K_train_LR/train_0268.png,1020x678,0268.png,./DIV2K/DIV2K_train_HR/0268.png,2040x1356,LANCZOS
169,train_0493.png,./DIV2K/DIV2K_train_LR/train_0493.png,1020x678,0493.png,./DIV2K/DIV2K_train_HR/0493.png,2040x1356,LANCZOS
170,train_0725.png,./DIV2K/DIV2K_train_LR/train_0725.png,1020x678,0725.png,./DIV2K/DIV2K_train_HR/0725.png,2040x1356,LANCZOS
173,train_0090.png,./DIV2K/DIV2K_train_LR/train_0090.png,1020x678,0090.png,./DIV2K/DIV2K_train_HR/0090.png,2040x1356,LANCZOS
177,train_0310.png,./DIV2K/DIV2K_train_LR/train_0310.png,1020x678,0310.png,./DIV2K/DIV2K_train_HR/0310.png,2040x1356,LANCZOS
178,train_0197.png,./DIV2K/DIV2K_train_LR/train_0197.png,1020x678,0197.png,./DIV2K/DIV2K_train_HR/0197.png,2040x1356,LANCZOS
180,train_0799.png,./DIV2K/DIV2K_train_LR/train_0799.png,1020x678,0799.png,./DIV2K/DIV2K_train_HR/0799.png,2040x1356,LANCZOS
183,train_0163.png,./DIV2K/DIV2K_train_LR/train_0163.png,1020x678,0163.png,./DIV2K/DIV2K_train_HR/0163.png,2040x1356,LANCZOS
186,train_0220.png,./DIV2K/DIV2K_train_LR/train_0220.png,1020x678,0220.png,./DIV2K/DIV2K_train_HR/0220.png,2040x1356,LANCZOS
187,train_0466.png,./DIV2K/DIV2K_train_LR/train_0466.png,1020x678,0466.png,./DIV2K/DIV2K_train_HR/0466.png,2040x1356,LANCZOS
190,train_0325.png,./DIV2K/DIV2K_train_LR/train_0325.png,1020x678,0325.png,./DIV2K/DIV2K_train_HR/0325.png,2040x1356,LANCZOS
193,train_0401.png,./DIV2K/DIV2K_train_LR/train_0401.png,1020x678,0401.png,./DIV2K/DIV2K_train_HR/0401.png,2040x1356,LANCZOS
196,train_0218.png,./DIV2K/DIV2K_train_LR/train_0218.png,1020x678,0218.png,./DIV2K/DIV2K_train_HR/0218.png,2040x1356,LANCZOS
198,train_0391.png,./DIV2K/DIV2K_train_LR/train_0391.png,1020x678,0391.png,./DIV2K/DIV2K_train_HR/0391.png,2040x1356,LANCZOS
199,train_0081.png,./DIV2K/DIV2K_train_LR/train_0081.png,1020x678,0081.png,./DIV2K/DIV2K_train_HR/0081.png,2040x1356,LANCZOS
200,train_0127.png,./DIV2K/DIV2K_train_LR/train_0127.png,1020x678,0127.png,./DIV2K/DIV2K_train_HR/0127.png,2040x1356,LANCZOS
204,train_0224.png,./DIV2K/DIV2K_train_LR/train_0224.png,1020x678,0224.png,./DIV2K/DIV2K_train_HR/0224.png,2040x1356,LANCZOS
205,train_0796.png,./DIV2K/DIV2K_train_LR/train_0796.png,1020x678,0796.png,./DIV2K/DIV2K_train_HR/0796.png,2040x1356,LANCZOS
207,train_0594.png,./DIV2K/DIV2K_train_LR/train_0594.png,1020x678,0594.png,./DIV2K/DIV2K_train_HR/0594.png,2040x1356,LANCZOS
209,train_0765.png,./DIV2K/DIV2K_train_LR/train_0765.png,1020x678,0765.png,./DIV2K/DIV2K_train_HR/0765.png,2040x1356,LANCZOS
210,train_0423.png,./DIV2K/DIV2K_train_LR/train_0423.png,1020x678,0423.png,./DIV2K/DIV2K_train_HR/0423.png,2040x1356,LANCZOS
211,train_0740.png,./DIV2K/DIV2K_train_LR/train_0740.png,1020x678,0740.png,./DIV2K/DIV2K_train_HR/0740.png,2040x1356,LANCZOS
212,train_0695.png,./DIV2K/DIV2K_train_LR/train_0695.png,1020x678,0695.png,./DIV2K/DIV2K_train_HR/0695.png,2040x1356,LANCZOS
213,train_0334.png,./DIV2K/DIV2K_train_LR/train_0334.png,1020x678,0334.png,./DIV2K/DIV2K_train_HR/0334.png,2040x1356,LANCZOS
215,train_0183.png,./DIV2K/DIV2K_train_LR/train_0183.png,1020x678,0183.png,./DIV2K/DIV2K_train_HR/0183.png,2040x1356,LANCZOS
216,train_0208.png,./DIV2K/DIV2K_train_LR/train_0208.png,1020x678,0208.png,./DIV2K/DIV2K_train_HR/0208.png,2040x1356,LANCZOS
219,train_0173.png,./DIV2K/DIV2K_train_LR/train_0173.png,1020x678,0173.png,./DIV2K/DIV2K_train_HR/0173.png,2040x1356,LANCZOS
221,train_0203.png,./DIV2K/DIV2K_train_LR/train_0203.png,1020x678,0203.png,./DIV2K/DIV2K_train_HR/0203.png,2040x1356,LANCZOS
224,train_0143.png,./DIV2K/DIV2K_train_LR/train_0143.png,1020x678,0143.png,./DIV2K/DIV2K_train_HR/0143.png,2040x1356,LANCZOS
225,train_0660.png,./DIV2K/DIV2K_train_LR/train_0660.png,1020x678,0660.png,./DIV2K/DIV2K_train_HR/0660.png,2040x1356,LANCZOS
226,train_0707.png,./DIV2K/DIV2K_train_LR/train_0707.png,1020x678,0707.png,./DIV2K/DIV2K_train_HR/0707.png,2040x1356,LANCZOS
232,train_0558.png,./DIV2K/DIV2K_train_LR/train_0558.png,1020x678,0558.png,./DIV2K/DIV2K_train_HR/0558.png,2040x1356,LANCZOS
234,train_0758.png,./DIV2K/DIV2K_train_LR/train_0758.png,1020x678,0758.png,./DIV2K/DIV2K_train_HR/0758.png,2040x1356,LANCZOS
235,train_0487.png,./DIV2K/DIV2K_train_LR/train_0487.png,1020x678,0487.png,./DIV2K/DIV2K_train_HR/0487.png,2040x1356,LANCZOS
236,train_0584.png,./DIV2K/DIV2K_train_LR/train_0584.png,1020x678,0584.png,./DIV2K/DIV2K_train_HR/0584.png,2040x1356,LANCZOS
242,train_0552.png,./DIV2K/DIV2K_train_LR/train_0552.png,1020x678,0552.png,./DIV2K/DIV2K_train_HR/0552.png,2040x1356,LANCZOS
243,train_0232.png,./DIV2K/DIV2K_train_LR/train_0232.png,1020x678,0232.png,./DIV2K/DIV2K_train_HR/0232.png,2040x1356,LANCZOS
244,train_0599.png,./DIV2K/DIV2K_train_LR/train_0599.png,1020x678,0599.png,./DIV2K/DIV2K_train_HR/0599.png,2040x1356,LANCZOS
245,train_0270.png,./DIV2K/DIV2K_train_LR/train_0270.png,1020x678,0270.png,./DIV2K/DIV2K_train_HR/0270.png,2040x1356,LANCZOS
246,train_0120.png,./DIV2K/DIV2K_train_LR/train_0120.png,1020x678,0120.png,./DIV2K/DIV2K_train_HR/0120.png,2040x1356,LANCZOS
247,train_0355.png,./DIV2K/DIV2K_train_LR/train_0355.png,1020x678,0355.png,./DIV2K/DIV2K_train_HR/0355.png,2040x1356,LANCZOS
249,train_0168.png,./DIV2K/DIV2K_train_LR/train_0168.png,1020x678,0168.png,./DIV2K/DIV2K_train_HR/0168.png,2040x1356,LANCZOS
250,train_0326.png,./DIV2K/DIV2K_train_LR/train_0326.png,1020x678,0326.png,./DIV2K/DIV2K_train_HR/0326.png,2040x1356,LANCZOS
251,train_0338.png,./DIV2K/DIV2K_train_LR/train_0338.png,1020x678,0338.png,./DIV2K/DIV2K_train_HR/0338.png,2040x1356,LANCZOS
253,train_0364.png,./DIV2K/DIV2K_train_LR/train_0364.png,1020x678,0364.png,./DIV2K/DIV2K_train_HR/0364.png,2040x1356,LANCZOS
254,train_0788.png,./DIV2K/DIV2K_train_LR/train_0788.png,1020x678,0788.png,./DIV2K/DIV2K_train_HR/0788.png,2040x1356,LANCZOS
257,train_0519.png,./DIV2K/DIV2K_train_LR/train_0519.png,1020x678,0519.png,./DIV2K/DIV2K_train_HR/0519.png,2040x1356,LANCZOS
262,train_0536.png,./DIV2K/DIV2K_train_LR/train_0536.png,1020x678,0536.png,./DIV2K/DIV2K_train_HR/0536.png,2040x1356,LANCZOS
264,train_0704.png,./DIV2K/DIV2K_train_LR/train_0704.png,1020x678,0704.png,./DIV2K/DIV2K_train_HR/0704.png,2040x1356,LANCZOS
266,train_0632.png,./DIV2K/DIV2K_train_LR/train_0632.png,1020x678,0632.png,./DIV2K/DIV2K_train_HR/0632.png,2040x1356,LANCZOS
267,train_0459.png,./DIV2K/DIV2K_train_LR/train_0459.png,1020x678,0459.png,./DIV2K/DIV2K_train_HR/0459.png,2040x1356,LANCZOS
268,train_0043.png,./DIV2K/DIV2K_train_LR/train_0043.png,1020x678,0043.png,./DIV2K/DIV2K_train_HR/0043.png,2040x1356,BICUBIC
270,train_0617.png,./DIV2K/DIV2K_train_LR/train_0617.png,1020x678,0617.png,./DIV2K/DIV2K_train_HR/0617.png,2040x1356,BICUBIC
271,train_0024.png,./DIV2K/DIV2K_train_LR/train_0024.png,1020x678,0024.png,./DIV2K/DIV2K_train_HR/0024.png,2040x1356,BICUBIC
274,train_0496.png,./DIV2K/DIV2K_train_LR/train_0496.png,1020x678,0496.png,./DIV2K/DIV2K_train_HR/0496.png,2040x1356,BICUBIC
277,train_0282.png,./DIV2K/DIV2K_train_LR/train_0282.png,1020x678,0282.png,./DIV2K/DIV2K_train_HR/0282.png,2040x1356,BICUBIC
278,train_0718.png,./DIV2K/DIV2K_train_LR/train_0718.png,1020x678,0718.png,./DIV2K/DIV2K_train_HR/0718.png,2040x1356,BICUBIC
279,train_0370.png,./DIV2K/DIV2K_train_LR/train_0370.png,1020x678,0370.png,./DIV2K/DIV2K_train_HR/0370.png,2040x1356,BICUBIC
281,train_0665.png,./DIV2K/DIV2K_train_LR/train_0665.png,1020x678,0665.png,./DIV2K/DIV2K_train_HR/0665.png,2040x1356,BICUBIC
283,train_0007.png,./DIV2K/DIV2K_train_LR/train_0007.png,1020x678,0007.png,./DIV2K/DIV2K_train_HR/0007.png,2040x1356,BICUBIC
284,train_0085.png,./DIV2K/DIV2K_train_LR/train_0085.png,1020x678,0085.png,./DIV2K/DIV2K_train_HR/0085.png,2040x1356,BICUBIC
285,train_0095.png,./DIV2K/DIV2K_train_LR/train_0095.png,1020x678,0095.png,./DIV2K/DIV2K_train_HR/0095.png,2040x1356,BICUBIC
289,train_0207.png,./DIV2K/DIV2K_train_LR/train_0207.png,1020x678,0207.png,./DIV2K/DIV2K_train_HR/0207.png,2040x1356,BICUBIC
290,train_0015.png,./DIV2K/DIV2K_train_LR/train_0015.png,1020x678,0015.png,./DIV2K/DIV2K_train_HR/0015.png,2040x1356,BICUBIC
291,train_0382.png,./DIV2K/DIV2K_train_LR/train_0382.png,1020x678,0382.png,./DIV2K/DIV2K_train_HR/0382.png,2040x1356,BICUBIC
293,train_0307.png,./DIV2K/DIV2K_train_LR/train_0307.png,1020x678,0307.png,./DIV2K/DIV2K_train_HR/0307.png,2040x1356,BICUBIC
297,train_0432.png,./DIV2K/DIV2K_train_LR/train_0432.png,1020x678,0432.png,./DIV2K/DIV2K_train_HR/0432.png,2040x1356,BICUBIC
299,train_0160.png,./DIV2K/DIV2K_train_LR/train_0160.png,1020x678,0160.png,./DIV2K/DIV2K_train_HR/0160.png,2040x1356,BICUBIC
300,train_0042.png,./DIV2K/DIV2K_train_LR/train_0042.png,1020x678,0042.png,./DIV2K/DIV2K_train_HR/0042.png,2040x1356,BICUBIC
301,train_0321.png,./DIV2K/DIV2K_train_LR/train_0321.png,1020x678,0321.png,./DIV2K/DIV2K_train_HR/0321.png,2040x1356,BICUBIC
303,train_0087.png,./DIV2K/DIV2K_train_LR/train_0087.png,1020x678,0087.png,./DIV2K/DIV2K_train_HR/0087.png,2040x1356,BICUBIC
304,train_0446.png,./DIV2K/DIV2K_train_LR/train_0446.png,1020x678,0446.png,./DIV2K/DIV2K_train_HR/0446.png,2040x1356,BICUBIC
305,train_0435.png,./DIV2K/DIV2K_train_LR/train_0435.png,1020x678,0435.png,./DIV2K/DIV2K_train_HR/0435.png,2040x1356,BICUBIC
306,train_0602.png,./DIV2K/DIV2K_train_LR/train_0602.png,1020x678,0602.png,./DIV2K/DIV2K_train_HR/0602.png,2040x1356,BICUBIC
307,train_0755.png,./DIV2K/DIV2K_train_LR/train_0755.png,1020x678,0755.png,./DIV2K/DIV2K_train_HR/0755.png,2040x1356,BICUBIC
308,train_0770.png,./DIV2K/DIV2K_train_LR/train_0770.png,1020x678,0770.png,./DIV2K/DIV2K_train_HR/0770.png,2040x1356,BICUBIC
309,train_0252.png,./DIV2K/DIV2K_train_LR/train_0252.png,1020x678,0252.png,./DIV2K/DIV2K_train_HR/0252.png,2040x1356,BICUBIC
312,train_0538.png,./DIV2K/DIV2K_train_LR/train_0538.png,1020x678,0538.png,./DIV2K/DIV2K_train_HR/0538.png,2040x1356,BICUBIC
313,train_0225.png,./DIV2K/DIV2K_train_LR/train_0225.png,1020x678,0225.png,./DIV2K/DIV2K_train_HR/0225.png,2040x1356,BICUBIC
316,train_0721.png,./DIV2K/DIV2K_train_LR/train_0721.png,1020x678,0721.png,./DIV2K/DIV2K_train_HR/0721.png,2040x1356,BICUBIC
318,train_0438.png,./DIV2K/DIV2K_train_LR/train_0438.png,1020x678,0438.png,./DIV2K/DIV2K_train_HR/0438.png,2040x1356,BICUBIC
321,train_0033.png,./DIV2K/DIV2K_train_LR/train_0033.png,1020x678,0033.png,./DIV2K/DIV2K_train_HR/0033.png,2040x1356,BICUBIC
323,train_0314.png,./DIV2K/DIV2K_train_LR/train_0314.png,1020x678,0314.png,./DIV2K/DIV2K_train_HR/0314.png,2040x1356,BICUBIC
325,train_0668.png,./DIV2K/DIV2K_train_LR/train_0668.png,1020x678,0668.png,./DIV2K/DIV2K_train_HR/0668.png,2040x1356,BICUBIC
327,train_0255.png,./DIV2K/DIV2K_train_LR/train_0255.png,1020x678,0255.png,./DIV2K/DIV2K_train_HR/0255.png,2040x1356,BICUBIC
331,train_0480.png,./DIV2K/DIV2K_train_LR/train_0480.png,1020x678,0480.png,./DIV2K/DIV2K_train_HR/0480.png,2040x1356,BICUBIC
332,train_0798.png,./DIV2K/DIV2K_train_LR/train_0798.png,1020x678,0798.png,./DIV2K/DIV2K_train_HR/0798.png,2040x1356,BICUBIC
333,train_0039.png,./DIV2K/DIV2K_train_LR/train_0039.png,1020x678,0039.png,./DIV2K/DIV2K_train_HR/0039.png,2040x1356,BICUBIC
334,train_0497.png,./DIV2K/DIV2K_train_LR/train_0497.png,1020x678,0497.png,./DIV2K/DIV2K_train_HR/0497.png,2040x1356,BICUBIC
336,train_0398.png,./DIV2K/DIV2K_train_LR/train_0398.png,1020x678,0398.png,./DIV2K/DIV2K_train_HR/0398.png,2040x1356,BICUBIC
339,train_0456.png,./DIV2K/DIV2K_train_LR/train_0456.png,1020x678,0456.png,./DIV2K/DIV2K_train_HR/0456.png,2040x1356,BICUBIC
342,train_0769.png,./DIV2K/DIV2K_train_LR/train_0769.png,1020x678,0769.png,./DIV2K/DIV2K_train_HR/0769.png,2040x1356,BICUBIC
343,train_0431.png,./DIV2K/DIV2K_train_LR/train_0431.png,1020x678,0431.png,./DIV2K/DIV2K_train_HR/0431.png,2040x1356,BICUBIC
345,train_0140.png,./DIV2K/DIV2K_train_LR/train_0140.png,1020x678,0140.png,./DIV2K/DIV2K_train_HR/0140.png,2040x1356,BICUBIC
348,train_0759.png,./DIV2K/DIV2K_train_LR/train_0759.png,1020x678,0759.png,./DIV2K/DIV2K_train_HR/0759.png,2040x1356,BICUBIC
349,train_0691.png,./DIV2K/DIV2K_train_LR/train_0691.png,1020x678,0691.png,./DIV2K/DIV2K_train_HR/0691.png,2040x1356,BICUBIC
351,train_0129.png,./DIV2K/DIV2K_train_LR/train_0129.png,1020x678,0129.png,./DIV2K/DIV2K_train_HR/0129.png,2040x1356,BICUBIC
352,train_0555.png,./DIV2K/DIV2K_train_LR/train_0555.png,1020x678,0555.png,./DIV2K/DIV2K_train_HR/0555.png,2040x1356,BICUBIC
354,train_0630.png,./DIV2K/DIV2K_train_LR/train_0630.png,1020x678,0630.png,./DIV2K/DIV2K_train_HR/0630.png,2040x1356,BICUBIC
355,train_0633.png,./DIV2K/DIV2K_train_LR/train_0633.png,1020x678,0633.png,./DIV2K/DIV2K_train_HR/0633.png,2040x1356,BICUBIC
356,train_0756.png,./DIV2K/DIV2K_train_LR/train_0756.png,1020x678,0756.png,./DIV2K/DIV2K_train_HR/0756.png,2040x1356,BICUBIC
358,train_0231.png,./DIV2K/DIV2K_train_LR/train_0231.png,1020x678,0231.png,./DIV2K/DIV2K_train_HR/0231.png,2040x1356,BICUBIC
359,train_0284.png,./DIV2K/DIV2K_train_LR/train_0284.png,1020x678,0284.png,./DIV2K/DIV2K_train_HR/0284.png,2040x1356,BICUBIC
360,train_0727.png,./DIV2K/DIV2K_train_LR/train_0727.png,1020x678,0727.png,./DIV2K/DIV2K_train_HR/0727.png,2040x1356,BICUBIC
361,train_0458.png,./DIV2K/DIV2K_train_LR/train_0458.png,1020x678,0458.png,./DIV2K/DIV2K_train_HR/0458.png,2040x1356,BICUBIC
363,train_0141.png,./DIV2K/DIV2K_train_LR/train_0141.png,1020x678,0141.png,./DIV2K/DIV2K_train_HR/0141.png,2040x1356,BICUBIC
364,train_0169.png,./DIV2K/DIV2K_train_LR/train_0169.png,1020x678,0169.png,./DIV2K/DIV2K_train_HR/0169.png,2040x1356,BICUBIC
365,train_0405.png,./DIV2K/DIV2K_train_LR/train_0405.png,1020x678,0405.png,./DIV2K/DIV2K_train_HR/0405.png,2040x1356,BICUBIC
366,train_0592.png,./DIV2K/DIV2K_train_LR/train_0592.png,1020x678,0592.png,./DIV2K/DIV2K_train_HR/0592.png,2040x1356,BICUBIC
367,train_0309.png,./DIV2K/DIV2K_train_LR/train_0309.png,1020x678,0309.png,./DIV2K/DIV2K_train_HR/0309.png,2040x1356,BICUBIC
368,train_0346.png,./DIV2K/DIV2K_train_LR/train_0346.png,1020x678,0346.png,./DIV2K/DIV2K_train_HR/0346.png,2040x1356,BICUBIC
372,train_0236.png,./DIV2K/DIV2K_train_LR/train_0236.png,1020x678,0236.png,./DIV2K/DIV2K_train_HR/0236.png,2040x1356,BICUBIC
373,train_0003.png,./DIV2K/DIV2K_train_LR/train_0003.png,1020x678,0003.png,./DIV2K/DIV2K_train_HR/0003.png,2040x1356,BICUBIC
374,train_0057.png,./DIV2K/DIV2K_train_LR/train_0057.png,1020x678,0057.png,./DIV2K/DIV2K_train_HR/0057.png,2040x1356,BICUBIC
375,train_0296.png,./DIV2K/DIV2K_train_LR/train_0296.png,1020x678,0296.png,./DIV2K/DIV2K_train_HR/0296.png,2040x1356,BICUBIC
376,train_0016.png,./DIV2K/DIV2K_train_LR/train_0016.png,1020x678,0016.png,./DIV2K/DIV2K_train_HR/0016.png,2040x1356,BICUBIC
377,train_0503.png,./DIV2K/DIV2K_train_LR/train_0503.png,1020x678,0503.png,./DIV2K/DIV2K_train_HR/0503.png,2040x1356,BICUBIC
378,train_0533.png,./DIV2K/DIV2K_train_LR/train_0533.png,1020x678,0533.png,./DIV2K/DIV2K_train_HR/0533.png,2040x1356,BICUBIC
384,train_0572.png,./DIV2K/DIV2K_train_LR/train_0572.png,1020x678,0572.png,./DIV2K/DIV2K_train_HR/0572.png,2040x1356,BICUBIC
386,train_0473.png,./DIV2K/DIV2K_train_LR/train_0473.png,1020x678,0473.png,./DIV2K/DIV2K_train_HR/0473.png,2040x1356,BICUBIC
387,train_0210.png,./DIV2K/DIV2K_train_LR/train_0210.png,1020x678,0210.png,./DIV2K/DIV2K_train_HR/0210.png,2040x1356,BICUBIC
389,train_0371.png,./DIV2K/DIV2K_train_LR/train_0371.png,1020x678,0371.png,./DIV2K/DIV2K_train_HR/0371.png,2040x1356,BICUBIC
390,train_0498.png,./DIV2K/DIV2K_train_LR/train_0498.png,1020x678,0498.png,./DIV2K/DIV2K_train_HR/0498.png,2040x1356,BICUBIC
391,train_0671.png,./DIV2K/DIV2K_train_LR/train_0671.png,1020x678,0671.png,./DIV2K/DIV2K_train_HR/0671.png,2040x1356,BICUBIC
392,train_0077.png,./DIV2K/DIV2K_train_LR/train_0077.png,1020x678,0077.png,./DIV2K/DIV2K_train_HR/0077.png,2040x1356,BICUBIC
394,train_0211.png,./DIV2K/DIV2K_train_LR/train_0211.png,1020x678,0211.png,./DIV2K/DIV2K_train_HR/0211.png,2040x1356,BICUBIC
396,train_0070.png,./DIV2K/DIV2K_train_LR/train_0070.png,1020x678,0070.png,./DIV2K/DIV2K_train_HR/0070.png,2040x1356,BICUBIC
398,train_0273.png,./DIV2K/DIV2K_train_LR/train_0273.png,1020x678,0273.png,./DIV2K/DIV2K_train_HR/0273.png,2040x1356,BICUBIC
399,train_0620.png,./DIV2K/DIV2K_train_LR/train_0620.png,1020x678,0620.png,./DIV2K/DIV2K_train_HR/0620.png,2040x1356,BICUBIC
400,train_0214.png,./DIV2K/DIV2K_train_LR/train_0214.png,1020x678,0214.png,./DIV2K/DIV2K_train_HR/0214.png,2040x1356,BICUBIC
401,train_0164.png,./DIV2K/DIV2K_train_LR/train_0164.png,1020x678,0164.png,./DIV2K/DIV2K_train_HR/0164.png,2040x1356,HAMMING
405,train_0131.png,./DIV2K/DIV2K_train_LR/train_0131.png,1020x678,0131.png,./DIV2K/DIV2K_train_HR/0131.png,2040x1356,HAMMING
406,train_0506.png,./DIV2K/DIV2K_train_LR/train_0506.png,1020x678,0506.png,./DIV2K/DIV2K_train_HR/0506.png,2040x1356,HAMMING
408,train_0079.png,./DIV2K/DIV2K_train_LR/train_0079.png,1020x678,0079.png,./DIV2K/DIV2K_train_HR/0079.png,2040x1356,HAMMING
417,train_0388.png,./DIV2K/DIV2K_train_LR/train_0388.png,1020x678,0388.png,./DIV2K/DIV2K_train_HR/0388.png,2040x1356,HAMMING
418,train_0384.png,./DIV2K/DIV2K_train_LR/train_0384.png,1020x678,0384.png,./DIV2K/DIV2K_train_HR/0384.png,2040x1356,HAMMING
419,train_0078.png,./DIV2K/DIV2K_train_LR/train_0078.png,1020x678,0078.png,./DIV2K/DIV2K_train_HR/0078.png,2040x1356,HAMMING
422,train_0052.png,./DIV2K/DIV2K_train_LR/train_0052.png,1020x678,0052.png,./DIV2K/DIV2K_train_HR/0052.png,2040x1356,HAMMING
424,train_0551.png,./DIV2K/DIV2K_train_LR/train_0551.png,1020x678,0551.png,./DIV2K/DIV2K_train_HR/0551.png,2040x1356,HAMMING
426,train_0495.png,./DIV2K/DIV2K_train_LR/train_0495.png,1020x678,0495.png,./DIV2K/DIV2K_train_HR/0495.png,2040x1356,HAMMING
427,train_0058.png,./DIV2K/DIV2K_train_LR/train_0058.png,1020x678,0058.png,./DIV2K/DIV2K_train_HR/0058.png,2040x1356,HAMMING
430,train_0195.png,./DIV2K/DIV2K_train_LR/train_0195.png,1020x678,0195.png,./DIV2K/DIV2K_train_HR/0195.png,2040x1356,HAMMING
431,train_0623.png,./DIV2K/DIV2K_train_LR/train_0623.png,1020x678,0623.png,./DIV2K/DIV2K_train_HR/0623.png,2040x1356,HAMMING
433,train_0339.png,./DIV2K/DIV2K_train_LR/train_0339.png,1020x678,0339.png,./DIV2K/DIV2K_train_HR/0339.png,2040x1356,HAMMING
434,train_0186.png,./DIV2K/DIV2K_train_LR/train_0186.png,1020x678,0186.png,./DIV2K/DIV2K_train_HR/0186.png,2040x1356,HAMMING
435,train_0279.png,./DIV2K/DIV2K_train_LR/train_0279.png,1020x678,0279.png,./DIV2K/DIV2K_train_HR/0279.png,2040x1356,HAMMING
436,train_0194.png,./DIV2K/DIV2K_train_LR/train_0194.png,1020x678,0194.png,./DIV2K/DIV2K_train_HR/0194.png,2040x1356,HAMMING
437,train_0386.png,./DIV2K/DIV2K_train_LR/train_0386.png,1020x678,0386.png,./DIV2K/DIV2K_train_HR/0386.png,2040x1356,HAMMING
438,train_0774.png,./DIV2K/DIV2K_train_LR/train_0774.png,1020x678,0774.png,./DIV2K/DIV2K_train_HR/0774.png,2040x1356,HAMMING
440,train_0206.png,./DIV2K/DIV2K_train_LR/train_0206.png,1020x678,0206.png,./DIV2K/DIV2K_train_HR/0206.png,2040x1356,HAMMING
442,train_0320.png,./DIV2K/DIV2K_train_LR/train_0320.png,1020x678,0320.png,./DIV2K/DIV2K_train_HR/0320.png,2040x1356,HAMMING
449,train_0606.png,./DIV2K/DIV2K_train_LR/train_0606.png,1020x678,0606.png,./DIV2K/DIV2K_train_HR/0606.png,2040x1356,HAMMING
451,train_0499.png,./DIV2K/DIV2K_train_LR/train_0499.png,1020x678,0499.png,./DIV2K/DIV2K_train_HR/0499.png,2040x1356,HAMMING
452,train_0258.png,./DIV2K/DIV2K_train_LR/train_0258.png,1020x678,0258.png,./DIV2K/DIV2K_train_HR/0258.png,2040x1356,HAMMING
453,train_0768.png,./DIV2K/DIV2K_train_LR/train_0768.png,1020x678,0768.png,./DIV2K/DIV2K_train_HR/0768.png,2040x1356,HAMMING
456,train_0029.png,./DIV2K/DIV2K_train_LR/train_0029.png,1020x678,0029.png,./DIV2K/DIV2K_train_HR/0029.png,2040x1356,HAMMING
457,train_0644.png,./DIV2K/DIV2K_train_LR/train_0644.png,1020x678,0644.png,./DIV2K/DIV2K_train_HR/0644.png,2040x1356,HAMMING
461,train_0153.png,./DIV2K/DIV2K_train_LR/train_0153.png,1020x678,0153.png,./DIV2K/DIV2K_train_HR/0153.png,2040x1356,HAMMING
464,train_0133.png,./DIV2K/DIV2K_train_LR/train_0133.png,1020x678,0133.png,./DIV2K/DIV2K_train_HR/0133.png,2040x1356,HAMMING
466,train_0569.png,./DIV2K/DIV2K_train_LR/train_0569.png,1020x678,0569.png,./DIV2K/DIV2K_train_HR/0569.png,2040x1356,HAMMING
467,train_0179.png,./DIV2K/DIV2K_train_LR/train_0179.png,1020x678,0179.png,./DIV2K/DIV2K_train_HR/0179.png,2040x1356,HAMMING
470,train_0008.png,./DIV2K/DIV2K_train_LR/train_0008.png,1020x678,0008.png,./DIV2K/DIV2K_train_HR/0008.png,2040x1356,HAMMING
471,train_0475.png,./DIV2K/DIV2K_train_LR/train_0475.png,1020x678,0475.png,./DIV2K/DIV2K_train_HR/0475.png,2040x1356,HAMMING
477,train_0187.png,./DIV2K/DIV2K_train_LR/train_0187.png,1020x678,0187.png,./DIV2K/DIV2K_train_HR/0187.png,2040x1356,HAMMING
479,train_0662.png,./DIV2K/DIV2K_train_LR/train_0662.png,1020x678,0662.png,./DIV2K/DIV2K_train_HR/0662.png,2040x1356,HAMMING
482,train_0100.png,./DIV2K/DIV2K_train_LR/train_0100.png,1020x678,0100.png,./DIV2K/DIV2K_train_HR/0100.png,2040x1356,HAMMING
483,train_0502.png,./DIV2K/DIV2K_train_LR/train_0502.png,1020x678,0502.png,./DIV2K/DIV2K_train_HR/0502.png,2040x1356,HAMMING
484,train_0377.png,./DIV2K/DIV2K_train_LR/train_0377.png,1020x678,0377.png,./DIV2K/DIV2K_train_HR/0377.png,2040x1356,HAMMING
487,train_0032.png,./DIV2K/DIV2K_train_LR/train_0032.png,1020x678,0032.png,./DIV2K/DIV2K_train_HR/0032.png,2040x1356,HAMMING
488,train_0261.png,./DIV2K/DIV2K_train_LR/train_0261.png,1020x678,0261.png,./DIV2K/DIV2K_train_HR/0261.png,2040x1356,HAMMING
490,train_0152.png,./DIV2K/DIV2K_train_LR/train_0152.png,1020x678,0152.png,./DIV2K/DIV2K_train_HR/0152.png,2040x1356,HAMMING
492,train_0618.png,./DIV2K/DIV2K_train_LR/train_0618.png,1020x678,0618.png,./DIV2K/DIV2K_train_HR/0618.png,2040x1356,HAMMING
493,train_0180.png,./DIV2K/DIV2K_train_LR/train_0180.png,1020x678,0180.png,./DIV2K/DIV2K_train_HR/0180.png,2040x1356,HAMMING
497,train_0470.png,./DIV2K/DIV2K_train_LR/train_0470.png,1020x678,0470.png,./DIV2K/DIV2K_train_HR/0470.png,2040x1356,HAMMING
499,train_0681.png,./DIV2K/DIV2K_train_LR/train_0681.png,1020x678,0681.png,./DIV2K/DIV2K_train_HR/0681.png,2040x1356,HAMMING
500,train_0333.png,./DIV2K/DIV2K_train_LR/train_0333.png,1020x678,0333.png,./DIV2K/DIV2K_train_HR/0333.png,2040x1356,HAMMING
501,train_0688.png,./DIV2K/DIV2K_train_LR/train_0688.png,1020x678,0688.png,./DIV2K/DIV2K_train_HR/0688.png,2040x1356,HAMMING
505,train_0739.png,./DIV2K/DIV2K_train_LR/train_0739.png,1020x678,0739.png,./DIV2K/DIV2K_train_HR/0739.png,2040x1356,HAMMING
507,train_0389.png,./DIV2K/DIV2K_train_LR/train_0389.png,1020x678,0389.png,./DIV2K/DIV2K_train_HR/0389.png,2040x1356,HAMMING
508,train_0031.png,./DIV2K/DIV2K_train_LR/train_0031.png,1020x678,0031.png,./DIV2K/DIV2K_train_HR/0031.png,2040x1356,HAMMING
509,train_0305.png,./DIV2K/DIV2K_train_LR/train_0305.png,1020x678,0305.png,./DIV2K/DIV2K_train_HR/0305.png,2040x1356,HAMMING
510,train_0631.png,./DIV2K/DIV2K_train_LR/train_0631.png,1020x678,0631.png,./DIV2K/DIV2K_train_HR/0631.png,2040x1356,HAMMING
511,train_0157.png,./DIV2K/DIV2K_train_LR/train_0157.png,1020x678,0157.png,./DIV2K/DIV2K_train_HR/0157.png,2040x1356,HAMMING
512,train_0443.png,./DIV2K/DIV2K_train_LR/train_0443.png,1020x678,0443.png,./DIV2K/DIV2K_train_HR/0443.png,2040x1356,HAMMING
514,train_0483.png,./DIV2K/DIV2K_train_LR/train_0483.png,1020x678,0483.png,./DIV2K/DIV2K_train_HR/0483.png,2040x1356,HAMMING
516,train_0529.png,./DIV2K/DIV2K_train_LR/train_0529.png,1020x678,0529.png,./DIV2K/DIV2K_train_HR/0529.png,2040x1356,HAMMING
518,train_0359.png,./DIV2K/DIV2K_train_LR/train_0359.png,1020x678,0359.png,./DIV2K/DIV2K_train_HR/0359.png,2040x1356,HAMMING
519,train_0193.png,./DIV2K/DIV2K_train_LR/train_0193.png,1020x678,0193.png,./DIV2K/DIV2K_train_HR/0193.png,2040x1356,HAMMING
522,train_0472.png,./DIV2K/DIV2K_train_LR/train_0472.png,1020x678,0472.png,./DIV2K/DIV2K_train_HR/0472.png,2040x1356,HAMMING
523,train_0588.png,./DIV2K/DIV2K_train_LR/train_0588.png,1020x678,0588.png,./DIV2K/DIV2K_train_HR/0588.png,2040x1356,HAMMING
526,train_0515.png,./DIV2K/DIV2K_train_LR/train_0515.png,1020x678,0515.png,./DIV2K/DIV2K_train_HR/0515.png,2040x1356,HAMMING
528,train_0354.png,./DIV2K/DIV2K_train_LR/train_0354.png,1020x678,0354.png,./DIV2K/DIV2K_train_HR/0354.png,2040x1356,HAMMING
531,train_0248.png,./DIV2K/DIV2K_train_LR/train_0248.png,1020x678,0248.png,./DIV2K/DIV2K_train_HR/0248.png,2040x1356,HAMMING
532,train_0047.png,./DIV2K/DIV2K_train_LR/train_0047.png,1020x678,0047.png,./DIV2K/DIV2K_train_HR/0047.png,2040x1356,HAMMING
533,train_0302.png,./DIV2K/DIV2K_train_LR/train_0302.png,1020x678,0302.png,./DIV2K/DIV2K_train_HR/0302.png,2040x1356,HAMMING
535,train_0786.png,./DIV2K/DIV2K_train_LR/train_0786.png,1020x678,0786.png,./DIV2K/DIV2K_train_HR/0786.png,2040x1356,BILINEAR
536,train_0276.png,./DIV2K/DIV2K_train_LR/train_0276.png,1020x678,0276.png,./DIV2K/DIV2K_train_HR/0276.png,2040x1356,BILINEAR
537,train_0708.png,./DIV2K/DIV2K_train_LR/train_0708.png,1020x678,0708.png,./DIV2K/DIV2K_train_HR/0708.png,2040x1356,BILINEAR
538,train_0743.png,./DIV2K/DIV2K_train_LR/train_0743.png,1020x678,0743.png,./DIV2K/DIV2K_train_HR/0743.png,2040x1356,BILINEAR
539,train_0242.png,./DIV2K/DIV2K_train_LR/train_0242.png,1020x678,0242.png,./DIV2K/DIV2K_train_HR/0242.png,2040x1356,BILINEAR
540,train_0074.png,./DIV2K/DIV2K_train_LR/train_0074.png,1020x678,0074.png,./DIV2K/DIV2K_train_HR/0074.png,2040x1356,BILINEAR
541,train_0781.png,./DIV2K/DIV2K_train_LR/train_0781.png,1020x678,0781.png,./DIV2K/DIV2K_train_HR/0781.png,2040x1356,BILINEAR
542,train_0148.png,./DIV2K/DIV2K_train_LR/train_0148.png,1020x678,0148.png,./DIV2K/DIV2K_train_HR/0148.png,2040x1356,BILINEAR
549,train_0621.png,./DIV2K/DIV2K_train_LR/train_0621.png,1020x678,0621.png,./DIV2K/DIV2K_train_HR/0621.png,2040x1356,BILINEAR
550,train_0737.png,./DIV2K/DIV2K_train_LR/train_0737.png,1020x678,0737.png,./DIV2K/DIV2K_train_HR/0737.png,2040x1356,BILINEAR
555,train_0427.png,./DIV2K/DIV2K_train_LR/train_0427.png,1020x678,0427.png,./DIV2K/DIV2K_train_HR/0427.png,2040x1356,BILINEAR
558,train_0221.png,./DIV2K/DIV2K_train_LR/train_0221.png,1020x678,0221.png,./DIV2K/DIV2K_train_HR/0221.png,2040x1356,BILINEAR
559,train_0648.png,./DIV2K/DIV2K_train_LR/train_0648.png,1020x678,0648.png,./DIV2K/DIV2K_train_HR/0648.png,2040x1356,BILINEAR
560,train_0049.png,./DIV2K/DIV2K_train_LR/train_0049.png,1020x678,0049.png,./DIV2K/DIV2K_train_HR/0049.png,2040x1356,BILINEAR
561,train_0403.png,./DIV2K/DIV2K_train_LR/train_0403.png,1020x678,0403.png,./DIV2K/DIV2K_train_HR/0403.png,2040x1356,BILINEAR
562,train_0722.png,./DIV2K/DIV2K_train_LR/train_0722.png,1020x678,0722.png,./DIV2K/DIV2K_train_HR/0722.png,2040x1356,BILINEAR
563,train_0440.png,./DIV2K/DIV2K_train_LR/train_0440.png,1020x678,0440.png,./DIV2K/DIV2K_train_HR/0440.png,2040x1356,BILINEAR
568,train_0301.png,./DIV2K/DIV2K_train_LR/train_0301.png,1020x678,0301.png,./DIV2K/DIV2K_train_HR/0301.png,2040x1356,BILINEAR
571,train_0177.png,./DIV2K/DIV2K_train_LR/train_0177.png,1020x678,0177.png,./DIV2K/DIV2K_train_HR/0177.png,2040x1356,BILINEAR
572,train_0474.png,./DIV2K/DIV2K_train_LR/train_0474.png,1020x678,0474.png,./DIV2K/DIV2K_train_HR/0474.png,2040x1356,BILINEAR
573,train_0524.png,./DIV2K/DIV2K_train_LR/train_0524.png,1020x678,0524.png,./DIV2K/DIV2K_train_HR/0524.png,2040x1356,BILINEAR
574,train_0549.png,./DIV2K/DIV2K_train_LR/train_0549.png,1020x678,0549.png,./DIV2K/DIV2K_train_HR/0549.png,2040x1356,BILINEAR
576,train_0125.png,./DIV2K/DIV2K_train_LR/train_0125.png,1020x678,0125.png,./DIV2K/DIV2K_train_HR/0125.png,2040x1356,BILINEAR
578,train_0787.png,./DIV2K/DIV2K_train_LR/train_0787.png,1020x678,0787.png,./DIV2K/DIV2K_train_HR/0787.png,2040x1356,BILINEAR
580,train_0213.png,./DIV2K/DIV2K_train_LR/train_0213.png,1020x678,0213.png,./DIV2K/DIV2K_train_HR/0213.png,2040x1356,BILINEAR
581,train_0116.png,./DIV2K/DIV2K_train_LR/train_0116.png,1020x678,0116.png,./DIV2K/DIV2K_train_HR/0116.png,2040x1356,BILINEAR
582,train_0234.png,./DIV2K/DIV2K_train_LR/train_0234.png,1020x678,0234.png,./DIV2K/DIV2K_train_HR/0234.png,2040x1356,BILINEAR
585,train_0366.png,./DIV2K/DIV2K_train_LR/train_0366.png,1020x678,0366.png,./DIV2K/DIV2K_train_HR/0366.png,2040x1356,BILINEAR
586,train_0040.png,./DIV2K/DIV2K_train_LR/train_0040.png,1020x678,0040.png,./DIV2K/DIV2K_train_HR/0040.png,2040x1356,BILINEAR
587,train_0156.png,./DIV2K/DIV2K_train_LR/train_0156.png,1020x678,0156.png,./DIV2K/DIV2K_train_HR/0156.png,2040x1356,BILINEAR
589,train_0705.png,./DIV2K/DIV2K_train_LR/train_0705.png,1020x678,0705.png,./DIV2K/DIV2K_train_HR/0705.png,2040x1356,BILINEAR
590,train_0235.png,./DIV2K/DIV2K_train_LR/train_0235.png,1020x678,0235.png,./DIV2K/DIV2K_train_HR/0235.png,2040x1356,BILINEAR
593,train_0189.png,./DIV2K/DIV2K_train_LR/train_0189.png,1020x678,0189.png,./DIV2K/DIV2K_train_HR/0189.png,2040x1356,BILINEAR
594,train_0731.png,./DIV2K/DIV2K_train_LR/train_0731.png,1020x678,0731.png,./DIV2K/DIV2K_train_HR/0731.png,2040x1356,BILINEAR
597,train_0336.png,./DIV2K/DIV2K_train_LR/train_0336.png,1020x678,0336.png,./DIV2K/DIV2K_train_HR/0336.png,2040x1356,BILINEAR
602,train_0792.png,./DIV2K/DIV2K_train_LR/train_0792.png,1020x678,0792.png,./DIV2K/DIV2K_train_HR/0792.png,2040x1356,BILINEAR
603,train_0675.png,./DIV2K/DIV2K_train_LR/train_0675.png,1020x678,0675.png,./DIV2K/DIV2K_train_HR/0675.png,2040x1356,BILINEAR
606,train_0064.png,./DIV2K/DIV2K_train_LR/train_0064.png,1020x678,0064.png,./DIV2K/DIV2K_train_HR/0064.png,2040x1356,BILINEAR
608,train_0607.png,./DIV2K/DIV2K_train_LR/train_0607.png,1020x678,0607.png,./DIV2K/DIV2K_train_HR/0607.png,2040x1356,BILINEAR
609,train_0264.png,./DIV2K/DIV2K_train_LR/train_0264.png,1020x678,0264.png,./DIV2K/DIV2K_train_HR/0264.png,2040x1356,BILINEAR
610,train_0445.png,./DIV2K/DIV2K_train_LR/train_0445.png,1020x678,0445.png,./DIV2K/DIV2K_train_HR/0445.png,2040x1356,BILINEAR
614,train_0773.png,./DIV2K/DIV2K_train_LR/train_0773.png,1020x678,0773.png,./DIV2K/DIV2K_train_HR/0773.png,2040x1356,BILINEAR
616,train_0464.png,./DIV2K/DIV2K_train_LR/train_0464.png,1020x678,0464.png,./DIV2K/DIV2K_train_HR/0464.png,2040x1356,BILINEAR
618,train_0262.png,./DIV2K/DIV2K_train_LR/train_0262.png,1020x678,0262.png,./DIV2K/DIV2K_train_HR/0262.png,2040x1356,BILINEAR
619,train_0358.png,./DIV2K/DIV2K_train_LR/train_0358.png,1020x678,0358.png,./DIV2K/DIV2K_train_HR/0358.png,2040x1356,BILINEAR
620,train_0277.png,./DIV2K/DIV2K_train_LR/train_0277.png,1020x678,0277.png,./DIV2K/DIV2K_train_HR/0277.png,2040x1356,BILINEAR
622,train_0266.png,./DIV2K/DIV2K_train_LR/train_0266.png,1020x678,0266.png,./DIV2K/DIV2K_train_HR/0266.png,2040x1356,BILINEAR
625,train_0636.png,./DIV2K/DIV2K_train_LR/train_0636.png,1020x678,0636.png,./DIV2K/DIV2K_train_HR/0636.png,2040x1356,BILINEAR
626,train_0416.png,./DIV2K/DIV2K_train_LR/train_0416.png,1020x678,0416.png,./DIV2K/DIV2K_train_HR/0416.png,2040x1356,BILINEAR
628,train_0659.png,./DIV2K/DIV2K_train_LR/train_0659.png,1020x678,0659.png,./DIV2K/DIV2K_train_HR/0659.png,2040x1356,BILINEAR
630,train_0241.png,./DIV2K/DIV2K_train_LR/train_0241.png,1020x678,0241.png,./DIV2K/DIV2K_train_HR/0241.png,2040x1356,BILINEAR
632,train_0053.png,./DIV2K/DIV2K_train_LR/train_0053.png,1020x678,0053.png,./DIV2K/DIV2K_train_HR/0053.png,2040x1356,BILINEAR
633,train_0601.png,./DIV2K/DIV2K_train_LR/train_0601.png,1020x678,0601.png,./DIV2K/DIV2K_train_HR/0601.png,2040x1356,BILINEAR
634,train_0228.png,./DIV2K/DIV2K_train_LR/train_0228.png,1020x678,0228.png,./DIV2K/DIV2K_train_HR/0228.png,2040x1356,BILINEAR
637,train_0223.png,./DIV2K/DIV2K_train_LR/train_0223.png,1020x678,0223.png,./DIV2K/DIV2K_train_HR/0223.png,2040x1356,BILINEAR
644,train_0742.png,./DIV2K/DIV2K_train_LR/train_0742.png,1020x678,0742.png,./DIV2K/DIV2K_train_HR/0742.png,2040x1356,BILINEAR
647,train_0146.png,./DIV2K/DIV2K_train_LR/train_0146.png,1020x678,0146.png,./DIV2K/DIV2K_train_HR/0146.png,2040x1356,BILINEAR
648,train_0589.png,./DIV2K/DIV2K_train_LR/train_0589.png,1020x678,0589.png,./DIV2K/DIV2K_train_HR/0589.png,2040x1356,BILINEAR
649,train_0402.png,./DIV2K/DIV2K_train_LR/train_0402.png,1020x678,0402.png,./DIV2K/DIV2K_train_HR/0402.png,2040x1356,BILINEAR
653,train_0641.png,./DIV2K/DIV2K_train_LR/train_0641.png,1020x678,0641.png,./DIV2K/DIV2K_train_HR/0641.png,2040x1356,BILINEAR
655,train_0674.png,./DIV2K/DIV2K_train_LR/train_0674.png,1020x678,0674.png,./DIV2K/DIV2K_train_HR/0674.png,2040x1356,BILINEAR
657,train_0490.png,./DIV2K/DIV2K_train_LR/train_0490.png,1020x678,0490.png,./DIV2K/DIV2K_train_HR/0490.png,2040x1356,BILINEAR
658,train_0417.png,./DIV2K/DIV2K_train_LR/train_0417.png,1020x678,0417.png,./DIV2K/DIV2K_train_HR/0417.png,2040x1356,BILINEAR
659,train_0166.png,./DIV2K/DIV2K_train_LR/train_0166.png,1020x678,0166.png,./DIV2K/DIV2K_train_HR/0166.png,2040x1356,BILINEAR
666,train_0209.png,./DIV2K/DIV2K_train_LR/train_0209.png,1020x678,0209.png,./DIV2K/DIV2K_train_HR/0209.png,2040x1356,BILINEAR
668,train_0142.png,./DIV2K/DIV2K_train_LR/train_0142.png,1020x678,0142.png,./DIV2K/DIV2K_train_HR/0142.png,2040x1356,BOX
669,train_0136.png,./DIV2K/DIV2K_train_LR/train_0136.png,1020x678,0136.png,./DIV2K/DIV2K_train_HR/0136.png,2040x1356,BOX
676,train_0288.png,./DIV2K/DIV2K_train_LR/train_0288.png,1020x678,0288.png,./DIV2K/DIV2K_train_HR/0288.png,2040x1356,BOX
678,train_0190.png,./DIV2K/DIV2K_train_LR/train_0190.png,1020x678,0190.png,./DIV2K/DIV2K_train_HR/0190.png,2040x1356,BOX
679,train_0418.png,./DIV2K/DIV2K_train_LR/train_0418.png,1020x678,0418.png,./DIV2K/DIV2K_train_HR/0418.png,2040x1356,BOX
680,train_0526.png,./DIV2K/DIV2K_train_LR/train_0526.png,1020x678,0526.png,./DIV2K/DIV2K_train_HR/0526.png,2040x1356,BOX
683,train_0433.png,./DIV2K/DIV2K_train_LR/train_0433.png,1020x678,0433.png,./DIV2K/DIV2K_train_HR/0433.png,2040x1356,BOX
690,train_0530.png,./DIV2K/DIV2K_train_LR/train_0530.png,1020x678,0530.png,./DIV2K/DIV2K_train_HR/0530.png,2040x1356,BOX
692,train_0412.png,./DIV2K/DIV2K_train_LR/train_0412.png,1020x678,0412.png,./DIV2K/DIV2K_train_HR/0412.png,2040x1356,BOX
693,train_0292.png,./DIV2K/DIV2K_train_LR/train_0292.png,1020x678,0292.png,./DIV2K/DIV2K_train_HR/0292.png,2040x1356,BOX
695,train_0638.png,./DIV2K/DIV2K_train_LR/train_0638.png,1020x678,0638.png,./DIV2K/DIV2K_train_HR/0638.png,2040x1356,BOX
698,train_0754.png,./DIV2K/DIV2K_train_LR/train_0754.png,1020x678,0754.png,./DIV2K/DIV2K_train_HR/0754.png,2040x1356,BOX
699,train_0295.png,./DIV2K/DIV2K_train_LR/train_0295.png,1020x678,0295.png,./DIV2K/DIV2K_train_HR/0295.png,2040x1356,BOX
700,train_0096.png,./DIV2K/DIV2K_train_LR/train_0096.png,1020x678,0096.png,./DIV2K/DIV2K_train_HR/0096.png,2040x1356,BOX
701,train_0035.png,./DIV2K/DIV2K_train_LR/train_0035.png,1020x678,0035.png,./DIV2K/DIV2K_train_HR/0035.png,2040x1356,BOX
702,train_0012.png,./DIV2K/DIV2K_train_LR/train_0012.png,1020x678,0012.png,./DIV2K/DIV2K_train_HR/0012.png,2040x1356,BOX
703,train_0772.png,./DIV2K/DIV2K_train_LR/train_0772.png,1020x678,0772.png,./DIV2K/DIV2K_train_HR/0772.png,2040x1356,BOX
705,train_0151.png,./DIV2K/DIV2K_train_LR/train_0151.png,1020x678,0151.png,./DIV2K/DIV2K_train_HR/0151.png,2040x1356,BOX
706,train_0369.png,./DIV2K/DIV2K_train_LR/train_0369.png,1020x678,0369.png,./DIV2K/DIV2K_train_HR/0369.png,2040x1356,BOX
707,train_0328.png,./DIV2K/DIV2K_train_LR/train_0328.png,1020x678,0328.png,./DIV2K/DIV2K_train_HR/0328.png,2040x1356,BOX
708,train_0626.png,./DIV2K/DIV2K_train_LR/train_0626.png,1020x678,0626.png,./DIV2K/DIV2K_train_HR/0626.png,2040x1356,BOX
711,train_0088.png,./DIV2K/DIV2K_train_LR/train_0088.png,1020x678,0088.png,./DIV2K/DIV2K_train_HR/0088.png,2040x1356,BOX
714,train_0275.png,./DIV2K/DIV2K_train_LR/train_0275.png,1020x678,0275.png,./DIV2K/DIV2K_train_HR/0275.png,2040x1356,BOX
716,train_0634.png,./DIV2K/DIV2K_train_LR/train_0634.png,1020x678,0634.png,./DIV2K/DIV2K_train_HR/0634.png,2040x1356,BOX
717,train_0256.png,./DIV2K/DIV2K_train_LR/train_0256.png,1020x678,0256.png,./DIV2K/DIV2K_train_HR/0256.png,2040x1356,BOX
719,train_0738.png,./DIV2K/DIV2K_train_LR/train_0738.png,1020x678,0738.png,./DIV2K/DIV2K_train_HR/0738.png,2040x1356,BOX
720,train_0110.png,./DIV2K/DIV2K_train_LR/train_0110.png,1020x678,0110.png,./DIV2K/DIV2K_train_HR/0110.png,2040x1356,BOX
721,train_0345.png,./DIV2K/DIV2K_train_LR/train_0345.png,1020x678,0345.png,./DIV2K/DIV2K_train_HR/0345.png,2040x1356,BOX
722,train_0165.png,./DIV2K/DIV2K_train_LR/train_0165.png,1020x678,0165.png,./DIV2K/DIV2K_train_HR/0165.png,2040x1356,BOX
723,train_0396.png,./DIV2K/DIV2K_train_LR/train_0396.png,1020x678,0396.png,./DIV2K/DIV2K_train_HR/0396.png,2040x1356,BOX
725,train_0766.png,./DIV2K/DIV2K_train_LR/train_0766.png,1020x678,0766.png,./DIV2K/DIV2K_train_HR/0766.png,2040x1356,BOX
726,train_0663.png,./DIV2K/DIV2K_train_LR/train_0663.png,1020x678,0663.png,./DIV2K/DIV2K_train_HR/0663.png,2040x1356,BOX
727,train_0647.png,./DIV2K/DIV2K_train_LR/train_0647.png,1020x678,0647.png,./DIV2K/DIV2K_train_HR/0647.png,2040x1356,BOX
729,train_0692.png,./DIV2K/DIV2K_train_LR/train_0692.png,1020x678,0692.png,./DIV2K/DIV2K_train_HR/0692.png,2040x1356,BOX
733,train_0667.png,./DIV2K/DIV2K_train_LR/train_0667.png,1020x678,0667.png,./DIV2K/DIV2K_train_HR/0667.png,2040x1356,BOX
734,train_0494.png,./DIV2K/DIV2K_train_LR/train_0494.png,1020x678,0494.png,./DIV2K/DIV2K_train_HR/0494.png,2040x1356,BOX
735,train_0342.png,./DIV2K/DIV2K_train_LR/train_0342.png,1020x678,0342.png,./DIV2K/DIV2K_train_HR/0342.png,2040x1356,BOX
737,train_0593.png,./DIV2K/DIV2K_train_LR/train_0593.png,1020x678,0593.png,./DIV2K/DIV2K_train_HR/0593.png,2040x1356,BOX
738,train_0254.png,./DIV2K/DIV2K_train_LR/train_0254.png,1020x678,0254.png,./DIV2K/DIV2K_train_HR/0254.png,2040x1356,BOX
739,train_0066.png,./DIV2K/DIV2K_train_LR/train_0066.png,1020x678,0066.png,./DIV2K/DIV2K_train_HR/0066.png,2040x1356,BOX
740,train_0072.png,./DIV2K/DIV2K_train_LR/train_0072.png,1020x678,0072.png,./DIV2K/DIV2K_train_HR/0072.png,2040x1356,BOX
742,train_0596.png,./DIV2K/DIV2K_train_LR/train_0596.png,1020x678,0596.png,./DIV2K/DIV2K_train_HR/0596.png,2040x1356,BOX
743,train_0683.png,./DIV2K/DIV2K_train_LR/train_0683.png,1020x678,0683.png,./DIV2K/DIV2K_train_HR/0683.png,2040x1356,BOX
747,train_0034.png,./DIV2K/DIV2K_train_LR/train_0034.png,1020x678,0034.png,./DIV2K/DIV2K_train_HR/0034.png,2040x1356,BOX
748,train_0086.png,./DIV2K/DIV2K_train_LR/train_0086.png,1020x678,0086.png,./DIV2K/DIV2K_train_HR/0086.png,2040x1356,BOX
750,train_0393.png,./DIV2K/DIV2K_train_LR/train_0393.png,1020x678,0393.png,./DIV2K/DIV2K_train_HR/0393.png,2040x1356,BOX
751,train_0537.png,./DIV2K/DIV2K_train_LR/train_0537.png,1020x678,0537.png,./DIV2K/DIV2K_train_HR/0537.png,2040x1356,BOX
752,train_0075.png,./DIV2K/DIV2K_train_LR/train_0075.png,1020x678,0075.png,./DIV2K/DIV2K_train_HR/0075.png,2040x1356,BOX
754,train_0697.png,./DIV2K/DIV2K_train_LR/train_0697.png,1020x678,0697.png,./DIV2K/DIV2K_train_HR/0697.png,2040x1356,BOX
756,train_0750.png,./DIV2K/DIV2K_train_LR/train_0750.png,1020x678,0750.png,./DIV2K/DIV2K_train_HR/0750.png,2040x1356,BOX
758,train_0257.png,./DIV2K/DIV2K_train_LR/train_0257.png,1020x678,0257.png,./DIV2K/DIV2K_train_HR/0257.png,2040x1356,BOX
760,train_0198.png,./DIV2K/DIV2K_train_LR/train_0198.png,1020x678,0198.png,./DIV2K/DIV2K_train_HR/0198.png,2040x1356,BOX
761,train_0478.png,./DIV2K/DIV2K_train_LR/train_0478.png,1020x678,0478.png,./DIV2K/DIV2K_train_HR/0478.png,2040x1356,BOX
762,train_0771.png,./DIV2K/DIV2K_train_LR/train_0771.png,1020x678,0771.png,./DIV2K/DIV2K_train_HR/0771.png,2040x1356,BOX
763,train_0050.png,./DIV2K/DIV2K_train_LR/train_0050.png,1020x678,0050.png,./DIV2K/DIV2K_train_HR/0050.png,2040x1356,BOX
764,train_0492.png,./DIV2K/DIV2K_train_LR/train_0492.png,1020x678,0492.png,./DIV2K/DIV2K_train_HR/0492.png,2040x1356,BOX
765,train_0655.png,./DIV2K/DIV2K_train_LR/train_0655.png,1020x678,0655.png,./DIV2K/DIV2K_train_HR/0655.png,2040x1356,BOX
766,train_0575.png,./DIV2K/DIV2K_train_LR/train_0575.png,1020x678,0575.png,./DIV2K/DIV2K_train_HR/0575.png,2040x1356,BOX
767,train_0556.png,./DIV2K/DIV2K_train_LR/train_0556.png,1020x678,0556.png,./DIV2K/DIV2K_train_HR/0556.png,2040x1356,BOX
768,train_0306.png,./DIV2K/DIV2K_train_LR/train_0306.png,1020x678,0306.png,./DIV2K/DIV2K_train_HR/0306.png,2040x1356,BOX
769,train_0111.png,./DIV2K/DIV2K_train_LR/train_0111.png,1020x678,0111.png,./DIV2K/DIV2K_train_HR/0111.png,2040x1356,BOX
771,train_0037.png,./DIV2K/DIV2K_train_LR/train_0037.png,1020x678,0037.png,./DIV2K/DIV2K_train_HR/0037.png,2040x1356,BOX
773,train_0367.png,./DIV2K/DIV2K_train_LR/train_0367.png,1020x678,0367.png,./DIV2K/DIV2K_train_HR/0367.png,2040x1356,BOX
775,train_0784.png,./DIV2K/DIV2K_train_LR/train_0784.png,1020x678,0784.png,./DIV2K/DIV2K_train_HR/0784.png,2040x1356,BOX
777,train_0484.png,./DIV2K/DIV2K_train_LR/train_0484.png,1020x678,0484.png,./DIV2K/DIV2K_train_HR/0484.png,2040x1356,BOX
779,train_0684.png,./DIV2K/DIV2K_train_LR/train_0684.png,1020x678,0684.png,./DIV2K/DIV2K_train_HR/0684.png,2040x1356,BOX
782,train_0200.png,./DIV2K/DIV2K_train_LR/train_0200.png,1020x678,0200.png,./DIV2K/DIV2K_train_HR/0200.png,2040x1356,BOX
784,train_0729.png,./DIV2K/DIV2K_train_LR/train_0729.png,1020x678,0729.png,./DIV2K/DIV2K_train_HR/0729.png,2040x1356,BOX
785,train_0017.png,./DIV2K/DIV2K_train_LR/train_0017.png,1020x678,0017.png,./DIV2K/DIV2K_train_HR/0017.png,2040x1356,BOX
786,train_0719.png,./DIV2K/DIV2K_train_LR/train_0719.png,1020x678,0719.png,./DIV2K/DIV2K_train_HR/0719.png,2040x1356,BOX
787,train_0720.png,./DIV2K/DIV2K_train_LR/train_0720.png,1020x678,0720.png,./DIV2K/DIV2K_train_HR/0720.png,2040x1356,BOX
788,train_0363.png,./DIV2K/DIV2K_train_LR/train_0363.png,1020x678,0363.png,./DIV2K/DIV2K_train_HR/0363.png,2040x1356,BOX
790,train_0611.png,./DIV2K/DIV2K_train_LR/train_0611.png,1020x678,0611.png,./DIV2K/DIV2K_train_HR/0611.png,2040x1356,BOX
791,train_0319.png,./DIV2K/DIV2K_train_LR/train_0319.png,1020x678,0319.png,./DIV2K/DIV2K_train_HR/0319.png,2040x1356,BOX
792,train_0436.png,./DIV2K/DIV2K_train_LR/train_0436.png,1020x678,0436.png,./DIV2K/DIV2K_train_HR/0436.png,2040x1356,BOX
793,train_0598.png,./DIV2K/DIV2K_train_LR/train_0598.png,1020x678,0598.png,./DIV2K/DIV2K_train_HR/0598.png,2040x1356,BOX
794,train_0317.png,./DIV2K/DIV2K_train_LR/train_0317.png,1020x678,0317.png,./DIV2K/DIV2K_train_HR/0317.png,2040x1356,BOX
796,train_0639.png,./DIV2K/DIV2K_train_LR/train_0639.png,1020x678,0639.png,./DIV2K/DIV2K_train_HR/0639.png,2040x1356,BOX
798,train_0121.png,./DIV2K/DIV2K_train_LR/train_0121.png,1020x678,0121.png,./DIV2K/DIV2K_train_HR/0121.png,2040x1356,BOX
799,train_0407.png,./DIV2K/DIV2K_train_LR/train_0407.png,1020x678,0407.png,./DIV2K/DIV2K_train_HR/0407.png,2040x1356,BOX
